{
  "Guid": "DE3F051B-E918-4DBF-BBE4-8EAACC43A339",
  "Tags": [],
  "Ansi 12 Color": {
    "Red Component": 0.30000001192092896,
    "Color Space": "sRGB",
    "Blue Component": 1,
    "Alpha Component": 1,
    "Green Component": 0.61500000953674316
  },
  "Horizontal Spacing": 1,
  "Draw Powerline Glyphs": true,
  "Bold Color": {
    "Red Component": 0.9500001072883606,
    "Color Space": "sRGB",
    "Blue Component": 0.94999986886978149,
    "Alpha Component": 1,
    "Green Component": 0.94999986886978149
  },
  "Ansi 7 Color": {
    "Red Component": 0.94999998807907104,
    "Color Space": "sRGB",
    "Blue Component": 0.94999998807907104,
    "Alpha Component": 1,
    "Green Component": 0.94999998807907104
  },
  "Ansi 8 Color": {
    "Red Component": 0.54600000381469727,
    "Color Space": "sRGB",
    "Blue Component": 0.60000002384185791,
    "Alpha Component": 1,
    "Green Component": 0.57480001449584961
  },
  "Ansi 9 Color": {
    "Red Component": 0.85000002384185791,
    "Color Space": "sRGB",
    "Blue Component": 0.15299999713897705,
    "Alpha Component": 1,
    "Green Component": 0.18784999847412109
  },
  "Rows": 36,
  "Default Bookmark": "No",
  "Ansi 2 Color": {
    "Red Component": 0.18000000715255737,
    "Color Space": "sRGB",
    "Blue Component": 0.11999999731779099,
    "Alpha Component": 1,
    "Green Component": 0.47999998927116394
  },
  "Ansi 4 Color": {
    "Red Component": 0.1875,
    "Color Space": "sRGB",
    "Blue Component": 0.75,
    "Alpha Component": 1,
    "Green Component": 0.44062501192092896
  },
  "Cursor Guide Color": {
    "Red Component": 0.70213186740875244,
    "Color Space": "sRGB",
    "Blue Component": 1,
    "Alpha Component": 0.25,
    "Green Component": 0.9268307089805603
  },
  "Non-ASCII Anti Aliased": true,
  "Use Bright Bold": true,
  "Ansi 10 Color": {
    "Red Component": 0.27000001072883606,
    "Color Space": "sRGB",
    "Blue Component": 0.18000000715255737,
    "Alpha Component": 1,
    "Green Component": 0.72000002861022949
  },
  "Ambiguous Double Width": false,
  "Jobs to Ignore": [
    "rlogin",
    "ssh",
    "slogin",
    "telnet"
  ],
  "Ansi 15 Color": {
    "Red Component": 1,
    "Color Space": "sRGB",
    "Blue Component": 0.99999600648880005,
    "Alpha Component": 1,
    "Green Component": 0.99999600648880005
  },
  "Foreground Color": {
    "Red Component": 0.94999998807907104,
    "Color Space": "sRGB",
    "Blue Component": 0.94999998807907104,
    "Alpha Component": 1,
    "Green Component": 0.94999998807907104
  },
  "Working Directory": "\/Users\/jl",
  "Use Tab Color": true,
  "Blinking Cursor": false,
  "Disable Window Resizing": true,
  "Sync Title": false,
  "Prompt Before Closing 2": false,
  "BM Growl": false,
  "Mouse Reporting": true,
  "Command": "",
  "Description": "Default",
  "Screen": -1,
  "Selection Color": {
    "Red Component": 0.46500000357627869,
    "Color Space": "sRGB",
    "Blue Component": 0.5,
    "Alpha Component": 1,
    "Green Component": 0.48425000905990601
  },
  "Columns": 100,
  "Idle Code": 0,
  "Ansi 13 Color": {
    "Red Component": 0.85000002384185791,
    "Color Space": "sRGB",
    "Blue Component": 0.29240000247955322,
    "Alpha Component": 1,
    "Green Component": 0.15299999713897705
  },
  "Custom Command": "Yes",
  "ASCII Anti Aliased": true,
  "Non Ascii Font": "Monaco 12",
  "Vertical Spacing": 1,
  "Use Bold Font": false,
  "Option Key Sends": 0,
  "Selected Text Color": {
    "Red Component": 0.94999998807907104,
    "Color Space": "sRGB",
    "Blue Component": 0.94999998807907104,
    "Alpha Component": 1,
    "Green Component": 0.94999998807907104
  },
  "Background Color": {
    "Red Component": 0.16740000247955322,
    "Color Space": "sRGB",
    "Blue Component": 0.18000000715255737,
    "Alpha Component": 1,
    "Green Component": 0.17579999566078186
  },
  "Character Encoding": 4,
  "Ansi 11 Color": {
    "Red Component": 0.85000002384185791,
    "Color Space": "sRGB",
    "Blue Component": 0.15299999713897705,
    "Alpha Component": 1,
    "Green Component": 0.79191666841506958
  },
  "Thin Strokes": 4,
  "Use Italic Font": true,
  "Unlimited Scrollback": false,
  "Keyboard Map": {
    "0xf728-0x80000": {
      "Text": "d",
      "Action": 10
    },
    "0xf702-0x280000": {
      "Text": "b",
      "Action": 10
    },
    "0xf70d-0x20000": {
      "Text": "[21;2~",
      "Action": 10
    },
    "0x7f-0x80000": {
      "Text": "0x1b 0x7f",
      "Action": 11
    },
    "0xf708-0x20000": {
      "Text": "[15;2~",
      "Action": 10
    },
    "0x33-0x40000": {
      "Text": "0x1b",
      "Action": 11
    },
    "0xf703-0x260000": {
      "Text": "[1;6C",
      "Action": 10
    },
    "0xf729-0x20000": {
      "Text": "[1;2H",
      "Action": 10
    },
    "0xf702-0x260000": {
      "Text": "[1;6D",
      "Action": 10
    },
    "0x38-0x40000": {
      "Text": "0x7f",
      "Action": 11
    },
    "0xf72b-0x40000": {
      "Text": "[1;5F",
      "Action": 10
    },
    "0xf70c-0x20000": {
      "Text": "[20;2~",
      "Action": 10
    },
    "0xf701-0x260000": {
      "Text": "[1;6B",
      "Action": 10
    },
    "0x32-0x40000": {
      "Text": "0x00",
      "Action": 11
    },
    "0xf707-0x20000": {
      "Text": "[1;2S",
      "Action": 10
    },
    "0xf703-0x240000": {
      "Text": "[1;5C",
      "Action": 10
    },
    "0xf700-0x260000": {
      "Text": "[1;6A",
      "Action": 10
    },
    "0xf702-0x240000": {
      "Text": "[1;5D",
      "Action": 10
    },
    "0xf703-0x300000": {
      "Text": "0x5",
      "Action": 11
    },
    "0x37-0x40000": {
      "Text": "0x1f",
      "Action": 11
    },
    "0x3-0x200000": {
      "Text": "0xd",
      "Action": 11
    },
    "0xf701-0x240000": {
      "Text": "[1;5B",
      "Action": 10
    },
    "0xf702-0x300000": {
      "Text": "0x1",
      "Action": 11
    },
    "0xf703-0x220000": {
      "Text": "[1;2C",
      "Action": 10
    },
    "0xf739-0x0": {
      "Text": "",
      "Action": 13
    },
    "0xf70b-0x20000": {
      "Text": "[19;2~",
      "Action": 10
    },
    "0xf728-0x0": {
      "Text": "0x4",
      "Action": 11
    },
    "0xf706-0x20000": {
      "Text": "[1;2R",
      "Action": 10
    },
    "0xf700-0x240000": {
      "Text": "[1;5A",
      "Action": 10
    },
    "0xf702-0x220000": {
      "Text": "[1;2D",
      "Action": 10
    },
    "0x36-0x40000": {
      "Text": "0x1e",
      "Action": 11
    },
    "0xf70f-0x20000": {
      "Text": "[24;2~",
      "Action": 10
    },
    "0xf701-0x220000": {
      "Text": "[1;2B",
      "Action": 10
    },
    "0xf70a-0x20000": {
      "Text": "[18;2~",
      "Action": 10
    },
    "0xf729-0x40000": {
      "Text": "[1;5H",
      "Action": 10
    },
    "0xf72b-0x20000": {
      "Text": "[1;2F",
      "Action": 10
    },
    "0xf700-0x220000": {
      "Text": "[1;2A",
      "Action": 10
    },
    "0x30-0x200000": {
      "Text": "0",
      "Action": 12
    },
    "0xf705-0x20000": {
      "Text": "[1;2Q",
      "Action": 10
    },
    "0x31-0x200000": {
      "Text": "1",
      "Action": 12
    },
    "0x33-0x200000": {
      "Text": "3",
      "Action": 12
    },
    "0x35-0x40000": {
      "Text": "0x1d",
      "Action": 11
    },
    "0x34-0x200000": {
      "Text": "4",
      "Action": 12
    },
    "0x32-0x200000": {
      "Text": "2",
      "Action": 12
    },
    "0x35-0x200000": {
      "Text": "5",
      "Action": 12
    },
    "0x36-0x200000": {
      "Text": "6",
      "Action": 12
    },
    "0x37-0x200000": {
      "Text": "7",
      "Action": 12
    },
    "0x2d-0x40000": {
      "Text": "0x1f",
      "Action": 11
    },
    "0x38-0x200000": {
      "Text": "8",
      "Action": 12
    },
    "0x2a-0x200000": {
      "Text": "*",
      "Action": 12
    },
    "0x39-0x200000": {
      "Text": "9",
      "Action": 12
    },
    "0x2b-0x200000": {
      "Text": "+",
      "Action": 12
    },
    "0xf70e-0x20000": {
      "Text": "[23;2~",
      "Action": 10
    },